panjang_patch_mm,lebar_patch_mm,tebal_substrat_mm,epsilon_r,persentase_FR4,persentase_Rogers,frekuensi_resonansi_GHz,s11_db,gain_dbi,bandwidth_mhz,efisiensi_persen
25.246,30.661,1.6,3.52,60,40,3.1093,-33.37,3.73,151.42,68.72
29.216,36.239,1.6,3.08,40,60,2.8714,-29.34,4.79,170.76,68.16
36.171,43.79,1.6,2.2,0,100,2.7341,-34.13,6.71,272.32,90.43
38.4,51.645,1.6,3.96,80,20,1.9428,-15.16,5.22,77.08,60.19
27.392,35.831,1.6,3.52,60,40,2.8655,-32.06,4.08,125.91,67.66
29.94,39.133,1.6,3.3,50,50,2.7095,-36.87,4.65,139.17,74.82
19.919,28.064,1.6,4.18,90,10,3.5886,-14.15,3.0,49.87,58.37
47.973,58.053,1.6,2.2,0,100,2.0744,-22.93,6.75,276.91,90.99
50.61,55.174,1.6,2.42,10,90,1.8838,-21.28,7.09,272.27,87.87
46.814,57.71,1.6,2.64,20,80,1.947,-25.78,7.05,233.38,93.12
37.806,53.203,1.6,4.18,90,10,1.9197,-16.43,5.47,55.19,56.9
33.14,43.848,1.6,4.4,100,0,2.1352,-33.06,4.63,33.61,50.6
25.055,32.825,1.6,3.08,40,60,3.329,-33.29,4.6,189.69,73.89
24.879,32.001,1.6,3.96,80,20,2.9768,-21.36,3.33,109.44,58.71
22.439,25.737,1.6,3.74,70,30,3.3944,-38.84,3.32,119.04,65.44
48.431,58.794,1.6,2.2,0,100,2.055,-38.33,6.98,277.59,94.3
33.028,41.401,1.6,3.08,40,60,2.5465,-22.83,5.72,170.91,80.21
33.339,42.405,1.6,3.3,50,50,2.4405,-31.24,5.36,143.03,74.87
33.422,43.253,1.6,4.4,100,0,2.1187,-21.13,4.19,27.3,54.57
22.774,28.11,1.6,3.52,60,40,3.4348,-32.24,3.76,135.56,72.13
27.778,36.456,1.6,3.96,80,20,2.6716,-37.42,4.04,81.81,64.89
28.433,33.764,1.6,2.64,20,80,3.1738,-24.62,5.4,241.03,77.45
26.722,33.302,1.6,3.96,80,20,2.779,-11.23,3.53,86.57,59.08
41.743,48.082,1.6,3.08,40,60,2.0271,-14.07,5.91,191.05,77.9
37.171,44.905,1.6,3.3,50,50,2.196,-25.27,6.14,160.38,80.7
45.317,58.342,1.6,2.2,0,100,2.1914,-24.41,7.01,278.63,89.63
29.411,36.744,1.6,3.08,40,60,2.8523,-25.48,4.97,162.51,71.98
26.431,34.555,1.6,3.3,50,50,3.0594,-23.78,4.54,143.57,73.57
49.66,63.542,1.6,2.2,0,100,2.0035,-37.18,6.8,263.08,91.97
38.819,52.804,1.6,4.18,90,10,1.8718,-17.6,5.15,48.13,58.71
25.949,33.139,1.6,3.52,60,40,3.0228,-22.29,4.11,135.96,63.03
24.875,29.348,1.6,3.74,70,30,3.0677,-30.81,4.53,123.43,69.59
36.401,41.492,1.6,2.42,10,90,2.6013,-22.13,6.18,238.31,84.18
20.416,27.297,1.6,4.18,90,10,3.5104,-12.53,3.26,60.78,64.9
28.194,36.085,1.6,3.08,40,60,2.9703,-14.24,5.28,172.92,77.33
22.87,31.738,1.6,4.18,90,10,3.1411,-29.83,4.04,50.02,57.53
26.084,32.561,1.6,4.18,90,10,2.7725,-19.46,3.32,59.62,59.1
31.102,37.18,1.6,2.2,0,100,3.167,-22.99,6.15,298.09,90.68
20.864,26.7,1.6,4.4,100,0,3.3598,-32.02,3.0,32.08,57.65
30.443,35.815,1.6,4.18,90,10,2.3872,-35.3,3.7,68.26,59.85
42.592,52.943,1.6,2.86,30,70,2.056,-29.19,6.39,206.17,83.33
22.133,30.3,1.6,3.74,70,30,3.42,-16.26,4.06,113.58,63.62
36.644,46.715,1.6,2.2,0,100,2.6972,-35.78,6.78,288.54,89.19
30.597,42.982,1.6,2.86,30,70,2.8347,-27.23,5.29,192.86,82.97
26.416,32.542,1.6,3.52,60,40,2.9738,-11.89,4.26,130.83,68.22
40.616,52.86,1.6,3.74,70,30,1.8913,-27.69,5.95,100.23,63.51
27.134,38.42,1.6,2.64,20,80,3.307,-14.56,5.25,229.95,80.95
39.869,50.601,1.6,3.74,70,30,1.9273,-18.58,5.75,105.89,61.16
29.456,35.594,1.6,3.74,70,30,2.5988,-17.18,4.36,108.89,64.7
23.973,28.945,1.6,3.08,40,60,3.4824,-36.49,4.36,184.98,80.35
35.359,41.744,1.6,2.2,0,100,2.7966,-28.72,7.12,271.92,87.48
28.777,36.23,1.6,4.18,90,10,2.5177,-24.16,3.54,47.29,57.02
32.566,42.934,1.6,3.96,80,20,2.2859,-29.1,4.95,94.77,64.1
34.178,39.449,1.6,2.42,10,90,2.7657,-34.61,6.01,270.27,84.65
21.629,29.997,1.6,4.4,100,0,3.2355,-34.89,3.0,24.01,55.02
27.064,36.957,1.6,3.08,40,60,3.0856,-32.61,4.65,173.51,73.45
41.244,53.134,1.6,2.86,30,70,2.1205,-18.94,6.15,201.96,80.23
25.86,30.93,1.6,3.3,50,50,3.133,-25.97,4.46,168.42,64.67
28.535,38.053,1.6,3.08,40,60,2.9327,-26.93,5.33,162.41,72.45
41.397,48.132,1.6,2.42,10,90,2.2927,-18.26,7.29,241.2,81.39
39.062,55.012,1.6,3.74,70,30,1.962,-17.3,5.71,91.28,66.96
37.916,50.658,1.6,3.52,60,40,2.0828,-20.34,6.02,127.09,75.17
34.043,39.555,1.6,2.42,10,90,2.776,-33.53,5.66,241.98,86.65
32.009,38.219,1.6,3.08,40,60,2.6289,-30.36,5.83,180.35,73.9
20.743,26.825,1.6,4.4,100,0,3.3774,-35.52,3.18,37.58,53.41
27.801,39.675,1.6,3.74,70,30,2.7372,-14.15,4.93,102.51,67.23
25.959,32.14,1.6,4.4,100,0,2.7187,-36.39,3.0,32.03,52.73
24.965,34.135,1.6,4.18,90,10,2.8857,-14.84,3.52,33.89,62.53
52.318,61.879,1.6,2.42,10,90,1.8207,-15.72,6.67,270.82,85.34
23.219,31.641,1.6,3.3,50,50,3.4649,-18.36,3.6,154.79,70.65
26.831,34.769,1.6,2.86,30,70,3.2268,-36.66,4.95,209.51,81.95
32.663,42.9,1.6,2.42,10,90,2.8828,-18.83,5.94,260.71,84.21
34.101,39.377,1.6,2.2,0,100,2.8982,-16.49,6.17,281.39,92.29
24.5,29.017,1.6,4.4,100,0,2.8811,-23.69,3.78,49.84,56.88
40.466,50.221,1.6,2.86,30,70,2.1622,-23.25,6.18,229.34,74.19
29.804,39.279,1.6,2.2,0,100,3.2939,-34.15,5.8,267.58,90.55
24.24,31.346,1.6,3.74,70,30,3.1369,-28.03,3.73,109.59,67.46
39.297,48.096,1.6,2.86,30,70,2.226,-14.29,6.93,201.02,80.25
30.579,38.646,1.6,2.2,0,100,3.2157,-16.97,5.9,288.23,92.68
31.391,39.274,1.6,2.64,20,80,2.879,-14.69,5.93,240.9,88.12
22.044,27.832,1.6,4.4,100,0,3.1865,-30.44,3.27,21.44,55.21
27.066,35.768,1.6,4.18,90,10,2.6696,-33.59,3.14,61.76,65.27
38.208,45.231,1.6,3.74,70,30,2.0133,-24.55,5.74,118.56,66.74
24.1,31.289,1.6,4.4,100,0,2.9189,-15.76,3.0,23.95,57.29
28.543,36.716,1.6,3.74,70,30,2.6753,-34.94,4.88,110.9,66.15
22.712,29.684,1.6,4.18,90,10,3.1683,-28.31,3.22,50.3,57.29
23.273,31.27,1.6,3.52,60,40,3.3547,-37.36,3.51,145.3,68.53
26.872,34.818,1.6,2.86,30,70,3.2219,-23.85,5.27,202.53,79.3
21.97,29.504,1.6,4.4,100,0,3.1903,-14.69,3.0,28.51,54.98
45.39,53.148,1.6,3.3,50,50,1.8046,-24.86,5.73,147.79,72.74
28.37,32.624,1.6,2.2,0,100,3.4645,-37.92,6.31,280.59,90.04
21.915,25.823,1.6,4.4,100,0,3.2125,-26.56,3.0,44.65,55.91
32.913,32.971,1.6,2.2,0,100,3.0087,-21.02,5.19,267.59,86.47
42.05,49.609,1.6,2.2,0,100,2.3613,-39.56,7.15,277.06,94.24
39.366,51.379,1.6,3.52,60,40,2.0084,-21.96,6.02,118.71,67.43
36.943,44.524,1.6,2.2,0,100,2.6787,-29.07,6.75,280.62,84.92
49.645,68.508,1.6,2.42,10,90,1.9126,-18.74,6.43,246.84,90.45
31.534,33.644,1.6,2.86,30,70,2.7708,-21.83,4.64,199.55,82.42
39.661,45.389,1.6,2.2,0,100,2.5017,-19.03,6.76,296.21,91.85
43.65,54.984,1.6,2.86,30,70,2.0064,-36.1,6.69,210.4,83.54
34.864,43.545,1.6,3.96,80,20,2.1406,-9.48,4.79,85.27,66.86
29.136,36.54,1.6,3.96,80,20,2.553,-19.92,4.6,75.04,56.44
26.648,32.225,1.6,3.3,50,50,3.0419,-39.05,4.25,140.93,69.73
33.115,39.441,1.6,2.2,0,100,2.9802,-35.93,6.33,278.82,89.85
39.991,46.479,1.6,4.18,90,10,1.8246,-28.27,5.2,48.41,53.43
26.704,33.386,1.6,4.18,90,10,2.7095,-11.42,4.18,47.96,55.67
28.771,36.522,1.6,2.64,20,80,3.1326,-31.29,5.54,214.3,80.82
20.781,27.913,1.6,4.4,100,0,3.3671,-25.05,3.0,30.45,58.85
27.763,36.395,1.6,3.08,40,60,3.0133,-33.96,4.43,179.42,78.46
27.36,34.249,1.6,3.08,40,60,3.0601,-41.18,5.17,176.41,80.07
40.726,54.902,1.6,3.52,60,40,1.9409,-15.37,5.49,142.78,68.22
27.552,37.731,1.6,3.74,70,30,2.7645,-28.47,4.59,107.83,61.45
30.062,36.305,1.6,3.52,60,40,2.6224,-34.18,5.4,123.5,66.97
33.026,40.497,1.6,3.96,80,20,2.2589,-13.69,4.63,78.65,64.36
43.156,52.819,1.6,2.42,10,90,2.1989,-39.8,7.27,245.02,89.45
28.467,38.271,1.6,3.74,70,30,2.6791,-15.52,4.47,109.92,66.37
38.225,49.325,1.6,4.18,90,10,1.9029,-33.89,5.35,66.94,58.79
24.481,29.111,1.6,2.86,30,70,3.5344,-35.18,4.83,215.49,80.53
26.453,34.21,1.6,3.3,50,50,3.0579,-12.9,4.45,137.38,72.29
26.979,33.418,1.6,3.96,80,20,2.7536,-32.24,3.49,72.69,61.9
23.505,31.31,1.6,3.3,50,50,3.4263,-34.27,4.27,163.63,74.13
30.391,38.0,1.6,2.2,0,100,3.2357,-30.98,6.17,285.07,93.2
22.694,29.86,1.6,4.4,100,0,3.0934,-35.04,3.49,21.83,56.11
36.865,45.487,1.6,3.52,60,40,2.1452,-35.03,5.3,131.54,68.34
29.635,36.026,1.6,2.64,20,80,3.047,-32.78,5.74,215.59,83.53
27.914,32.619,1.6,2.42,10,90,3.3661,-32.36,5.25,273.47,84.74
36.711,45.018,1.6,4.4,100,0,1.9342,-16.49,4.59,48.81,50.66
28.709,38.634,1.6,3.52,60,40,2.7351,-32.3,4.79,135.78,67.55
26.15,30.678,1.6,2.64,20,80,3.4433,-34.85,4.9,236.33,79.32
28.155,35.139,1.6,3.96,80,20,2.6405,-17.99,4.33,88.6,63.06
31.467,42.398,1.6,3.74,70,30,2.4288,-35.8,4.93,109.57,67.21
47.002,61.754,1.6,2.86,30,70,1.864,-29.76,6.35,191.59,75.22
34.065,44.459,1.6,3.96,80,20,2.1875,-24.26,4.45,85.65,60.1
54.54,62.923,1.6,2.2,0,100,1.8299,-40.79,7.74,275.04,93.07
28.947,35.493,1.6,2.2,0,100,3.393,-39.76,5.53,284.37,90.49
28.894,39.08,1.6,3.3,50,50,2.8026,-30.81,4.62,155.38,71.69
36.948,42.64,1.6,2.86,30,70,2.3679,-29.73,6.13,206.33,84.61
24.927,32.773,1.6,3.96,80,20,2.9693,-30.87,3.59,90.89,62.34
22.587,29.718,1.6,4.18,90,10,3.1847,-26.52,3.25,42.85,60.45
21.805,28.254,1.6,3.96,80,20,3.3831,-19.86,3.61,91.29,70.9
32.887,35.475,1.6,2.42,10,90,2.8757,-36.54,5.49,254.86,82.39
43.809,50.626,1.6,3.3,50,50,1.8695,-32.81,6.12,161.47,71.05
28.487,38.197,1.6,2.86,30,70,3.0419,-38.18,5.5,234.46,78.27
34.222,42.409,1.6,2.42,10,90,2.7581,-17.98,6.46,256.79,88.1
24.125,29.163,1.6,3.74,70,30,3.1582,-25.67,4.27,89.6,61.34
45.036,57.615,1.6,2.42,10,90,2.1072,-43.77,6.96,251.29,88.82
25.523,31.387,1.6,3.96,80,20,2.9077,-32.57,3.47,63.74,67.15
23.905,30.882,1.6,2.86,30,70,3.6084,-13.96,4.0,207.54,78.72
29.876,35.653,1.6,2.86,30,70,2.9126,-17.3,4.68,217.06,83.98
24.731,31.107,1.6,3.74,70,30,3.0789,-21.62,3.8,103.04,65.29
25.142,30.834,1.6,3.08,40,60,3.3239,-28.41,4.52,160.02,78.75
30.325,36.15,1.6,3.74,70,30,2.5267,-13.85,4.76,94.6,67.34
43.831,55.412,1.6,2.42,10,90,2.1645,-29.61,7.04,242.81,86.35
43.081,52.217,1.6,2.42,10,90,2.203,-38.48,6.68,257.79,88.35
26.984,37.485,1.6,3.08,40,60,3.0932,-14.54,4.99,168.88,78.41
22.743,31.121,1.6,3.96,80,20,3.2419,-33.88,3.75,83.56,56.95
32.71,39.411,1.6,3.3,50,50,2.4899,-25.63,4.71,146.01,68.48
42.906,46.869,1.6,2.2,0,100,2.3183,-20.13,6.7,258.47,88.08
44.56,55.842,1.6,3.3,50,50,1.8352,-15.29,5.79,177.52,75.45
34.657,40.263,1.6,2.42,10,90,2.728,-16.75,6.43,279.4,90.65
26.507,36.36,1.6,3.3,50,50,3.0469,-35.44,4.53,167.62,72.89
47.666,60.06,1.6,2.64,20,80,1.912,-39.78,6.59,220.5,80.39
22.246,28.327,1.6,4.4,100,0,3.1575,-10.3,3.13,25.21,55.95
36.815,44.187,1.6,4.18,90,10,1.9784,-29.91,4.94,41.66,56.7
34.198,45.826,1.6,4.18,90,10,2.1215,-31.85,4.95,32.23,59.24
22.732,30.966,1.6,3.96,80,20,3.2439,-17.92,3.8,77.46,62.95
22.994,28.376,1.6,4.4,100,0,3.0607,-26.37,3.63,21.72,55.72
38.795,45.666,1.6,2.2,0,100,2.5549,-35.16,6.93,290.93,86.06
29.84,40.337,1.6,3.08,40,60,2.8067,-18.78,5.04,166.3,75.74
43.948,52.941,1.6,2.42,10,90,2.1606,-17.47,6.24,235.26,89.63
27.249,36.622,1.6,2.86,30,70,3.1758,-15.8,4.73,197.89,77.74
30.147,37.274,1.6,2.2,0,100,3.2618,-33.28,5.47,288.24,95.07
31.278,43.226,1.6,4.18,90,10,2.3141,-26.14,4.38,72.27,58.79
26.171,32.526,1.6,2.86,30,70,3.3092,-19.61,4.72,193.1,83.25
42.943,52.287,1.6,2.2,0,100,2.3121,-38.85,6.73,277.18,92.6
32.575,37.419,1.6,2.2,0,100,3.0304,-15.57,6.09,276.91,90.4
38.615,46.499,1.6,3.3,50,50,2.1153,-29.89,5.53,143.09,72.68
39.04,42.385,1.6,2.64,20,80,2.3334,-14.66,6.61,230.31,83.75
31.573,42.669,1.6,3.08,40,60,2.6563,-10.03,6.1,186.81,77.12
40.717,48.833,1.6,3.3,50,50,2.0078,-30.59,5.87,149.56,72.76
22.484,30.335,1.6,4.18,90,10,3.1963,-37.46,3.75,60.58,58.53
22.521,30.262,1.6,3.96,80,20,3.2748,-25.37,3.82,46.12,61.68
34.532,40.708,1.6,2.86,30,70,2.529,-36.5,5.9,192.18,76.6
32.247,39.08,1.6,2.64,20,80,2.8066,-30.78,6.19,229.01,78.51
35.143,44.534,1.6,3.52,60,40,2.2471,-29.2,5.29,131.7,69.48
44.482,52.643,1.6,2.2,0,100,2.2347,-31.52,7.29,284.25,92.63
38.793,45.121,1.6,2.64,20,80,2.3446,-21.58,6.78,237.62,82.91
28.435,38.832,1.6,4.4,100,0,2.4794,-29.27,3.54,35.79,50.4
32.828,43.395,1.6,4.18,90,10,2.2093,-35.73,4.61,45.27,62.09
39.359,45.577,1.6,3.52,60,40,2.0142,-27.05,5.92,142.06,68.08
22.416,26.528,1.6,4.18,90,10,3.2198,-18.83,3.0,50.93,58.23
25.929,30.814,1.6,4.4,100,0,2.7254,-18.52,3.44,27.43,58.03
29.075,34.627,1.6,3.08,40,60,2.888,-15.41,4.77,181.85,71.96
19.63,24.105,1.6,4.4,100,0,3.5695,-17.71,3.38,31.88,54.62
43.93,54.885,1.6,2.2,0,100,2.2602,-33.66,6.62,274.98,90.84
25.157,32.969,1.6,3.96,80,20,2.9431,-28.41,4.22,97.99,64.24
47.903,56.251,1.6,2.42,10,90,1.9861,-36.43,6.62,242.19,81.29
36.245,45.45,1.6,3.96,80,20,2.06,-32.24,5.13,100.43,58.36
24.048,31.24,1.6,3.52,60,40,3.2531,-35.39,3.98,146.07,70.47
37.358,46.493,1.6,3.52,60,40,2.1169,-35.95,5.45,139.09,74.19
48.115,58.313,1.6,2.42,10,90,1.9764,-26.96,6.81,240.08,87.98
23.188,31.674,1.6,4.4,100,0,3.0256,-24.15,3.27,21.44,54.46
29.389,36.095,1.6,3.74,70,30,2.6033,-34.5,4.19,110.89,70.51
26.796,37.673,1.6,3.52,60,40,2.9218,-22.87,4.97,156.25,69.69
56.216,67.802,1.6,2.2,0,100,1.775,-26.32,7.34,287.84,89.68
25.092,28.492,1.6,2.64,20,80,3.5867,-23.21,4.97,233.39,77.9
46.375,57.042,1.6,3.08,40,60,1.8248,-32.7,5.77,163.39,76.09
49.947,64.044,1.6,2.64,20,80,1.8255,-15.91,7.22,242.08,86.07
35.376,40.641,1.6,2.64,20,80,2.5669,-21.83,6.28,236.82,74.68
42.484,55.874,1.6,2.86,30,70,2.0589,-24.72,6.23,203.29,81.35
21.117,30.736,1.6,3.96,80,20,3.4765,-23.8,3.85,85.82,61.32
23.22,29.925,1.6,4.4,100,0,3.0273,-29.85,3.31,21.45,60.06
30.592,37.879,1.6,3.3,50,50,2.6567,-36.17,4.79,139.05,74.04
21.743,29.427,1.6,4.18,90,10,3.3015,-22.06,3.3,56.46,57.11
24.299,31.14,1.6,3.96,80,20,3.0463,-33.67,3.37,71.08,63.07
21.23,25.454,1.6,3.74,70,30,3.5763,-18.44,3.46,112.14,66.02
34.498,49.998,1.6,4.4,100,0,2.0477,-9.28,5.1,27.19,55.2
32.397,41.537,1.6,3.52,60,40,2.4332,-30.9,5.01,153.56,66.49
38.357,46.606,1.6,2.2,0,100,2.5819,-40.63,6.74,276.85,88.72
37.801,52.346,1.6,4.18,90,10,1.9207,-27.46,5.5,32.16,59.22
47.487,50.519,1.6,2.42,10,90,2.0067,-22.45,6.93,264.04,79.41
28.859,35.254,1.6,3.52,60,40,2.7284,-38.19,4.44,143.75,67.06
32.702,41.207,1.6,2.86,30,70,2.6632,-26.72,5.35,209.59,84.25
53.928,61.869,1.6,2.2,0,100,1.8505,-39.86,7.03,288.81,87.08
33.13,41.616,1.6,2.86,30,70,2.6298,-27.67,5.29,202.37,83.31
28.74,38.818,1.6,3.08,40,60,2.9113,-35.96,5.08,188.53,77.45
40.131,48.062,1.6,2.42,10,90,2.3622,-38.41,6.51,259.24,92.69
25.061,30.56,1.6,3.3,50,50,3.2283,-33.71,3.96,154.59,69.73
22.663,30.055,1.6,3.3,50,50,3.5499,-27.35,3.95,157.77,70.93
43.318,53.28,1.6,2.64,20,80,2.1015,-40.19,7.14,233.51,82.09
32.108,39.506,1.6,3.96,80,20,2.3222,-16.22,4.21,74.95,64.52
44.501,51.235,1.6,2.2,0,100,2.2348,-33.88,7.48,276.78,93.65
26.84,34.129,1.6,3.3,50,50,3.0164,-32.73,4.38,157.97,69.73
39.407,51.308,1.6,2.86,30,70,2.2171,-33.34,6.81,215.13,73.69
46.972,52.847,1.6,3.08,40,60,1.8051,-22.45,6.42,186.67,72.36
28.53,33.509,1.6,2.2,0,100,3.4441,-18.44,5.42,266.79,89.29
27.845,37.013,1.6,4.4,100,0,2.5328,-33.63,3.59,37.51,55.59
22.923,29.744,1.6,3.96,80,20,3.2228,-35.15,4.15,89.42,68.6
44.489,59.203,1.6,2.86,30,70,1.9672,-35.17,6.33,201.51,79.44
23.537,32.022,1.6,3.96,80,20,3.1363,-23.35,3.55,87.94,63.68
41.356,50.611,1.6,2.2,0,100,2.3986,-15.43,7.11,293.93,86.32
30.01,38.46,1.6,3.08,40,60,2.7949,-37.19,5.32,206.88,70.57
30.96,39.321,1.6,3.96,80,20,2.4046,-31.27,4.41,86.35,63.74
29.245,35.781,1.6,3.52,60,40,2.6931,-34.35,5.2,128.24,69.37
22.073,26.509,1.6,3.52,60,40,3.5436,-27.24,3.83,125.3,68.41
20.66,24.212,1.6,4.18,90,10,3.4865,-33.82,3.34,42.6,55.82
24.483,32.677,1.6,3.3,50,50,3.2936,-35.36,3.62,140.59,71.02
23.288,29.937,1.6,3.3,50,50,3.461,-29.81,3.9,157.69,72.81
40.039,51.766,1.6,3.96,80,20,1.866,-35.79,5.63,79.13,60.89
36.602,45.629,1.6,2.64,20,80,2.4784,-37.01,5.91,238.95,81.55
41.9,54.924,1.6,3.52,60,40,1.8884,-33.76,6.12,135.92,66.99
25.113,31.399,1.6,3.74,70,30,3.0339,-34.2,4.28,116.57,69.03
27.007,34.566,1.6,4.18,90,10,2.6779,-33.11,4.16,62.62,62.35
24.027,33.405,1.6,3.74,70,30,3.157,-33.33,3.69,103.97,67.89
47.728,54.331,1.6,2.2,0,100,2.0869,-18.79,6.95,273.52,89.11
29.122,38.579,1.6,3.52,60,40,2.6984,-37.01,4.5,116.71,75.57
30.056,34.321,1.6,3.96,80,20,2.4832,-25.66,4.51,63.38,65.1
29.872,35.448,1.6,3.52,60,40,2.6399,-33.24,4.52,134.31,61.95
38.006,45.069,1.6,2.64,20,80,2.3912,-36.38,6.79,218.17,78.11
30.355,39.025,1.6,2.86,30,70,2.8626,-24.63,5.04,205.98,79.16
28.492,40.082,1.6,4.4,100,0,2.4724,-34.76,4.07,27.05,57.09
24.119,31.073,1.6,2.86,30,70,3.5778,-28.84,4.33,208.3,87.4
36.256,48.436,1.6,3.3,50,50,2.2452,-36.08,6.09,163.49,72.59
22.789,31.644,1.6,3.08,40,60,3.6426,-14.98,4.08,182.39,82.22
33.594,44.225,1.6,4.4,100,0,2.107,-23.09,4.16,20.0,54.43
31.863,39.222,1.6,3.52,60,40,2.4757,-34.27,4.43,132.41,69.8
39.948,51.299,1.6,3.3,50,50,2.0428,-36.5,5.8,163.73,72.13
25.099,35.124,1.6,2.86,30,70,3.4353,-12.8,4.6,198.46,77.71
21.689,26.025,1.6,4.4,100,0,3.2431,-18.0,3.0,39.55,61.33
27.478,34.035,1.6,2.86,30,70,3.1566,-39.54,4.54,214.63,77.15
37.869,43.813,1.6,2.64,20,80,2.4009,-12.65,6.95,227.59,85.86
25.919,33.21,1.6,4.18,90,10,2.7875,-19.16,4.0,46.32,62.84
26.438,32.617,1.6,2.64,20,80,3.4025,-24.59,5.25,235.16,81.08
22.675,29.414,1.6,3.74,70,30,3.3466,-33.1,3.82,111.71,64.83
46.821,54.526,1.6,2.42,10,90,2.0315,-16.01,6.74,249.52,86.82
51.477,64.427,1.6,2.42,10,90,1.8484,-29.92,6.66,261.28,83.0
28.273,36.077,1.6,4.18,90,10,2.5607,-18.35,4.16,48.7,58.04
39.954,50.377,1.6,4.4,100,0,1.7777,-18.45,4.56,32.58,59.44
32.485,41.356,1.6,2.2,0,100,3.0323,-36.44,6.3,292.89,91.28
31.701,39.024,1.6,2.42,10,90,2.9717,-35.42,6.18,282.6,87.68
38.773,48.084,1.6,2.42,10,90,2.4415,-31.58,6.6,239.62,88.62
26.284,35.997,1.6,3.3,50,50,3.0722,-26.81,4.49,147.22,74.69
27.481,35.997,1.6,2.86,30,70,3.1518,-35.21,4.98,212.56,79.3
29.463,36.655,1.6,2.2,0,100,3.3345,-34.91,5.68,273.91,89.49
24.661,31.805,1.6,3.74,70,30,3.0851,-34.48,3.72,101.84,67.35
34.083,47.046,1.6,4.18,90,10,2.127,-11.8,4.85,66.12,59.36
38.767,45.048,1.6,2.64,20,80,2.3462,-17.78,6.39,234.83,81.89
26.786,34.855,1.6,3.74,70,30,2.8456,-28.67,4.13,100.66,65.91
37.774,49.276,1.6,3.3,50,50,2.1577,-36.9,5.84,153.37,72.62
28.463,35.041,1.6,3.08,40,60,2.946,-34.5,5.01,188.13,73.42
36.845,46.233,1.6,3.3,50,50,2.2131,-27.69,5.81,150.11,71.69
36.578,44.57,1.6,2.2,0,100,2.7042,-38.4,7.01,272.58,83.52
24.771,31.391,1.6,4.4,100,0,2.8439,-18.45,3.45,49.44,56.11
28.222,36.221,1.6,3.74,70,30,2.7053,-10.72,4.27,88.57,64.97
27.544,34.133,1.6,4.18,90,10,2.6293,-10.19,4.02,74.82,56.49
34.397,41.526,1.6,4.18,90,10,2.1152,-34.21,4.7,69.13,59.48
23.021,27.66,1.6,3.74,70,30,3.3059,-33.53,4.03,96.01,63.38
31.689,40.072,1.6,2.42,10,90,2.9712,-37.61,5.41,247.81,84.4
24.266,30.974,1.6,4.18,90,10,2.973,-32.22,3.4,68.73,51.86
41.874,52.698,1.6,2.64,20,80,2.1718,-16.44,6.47,235.89,78.21
21.609,27.512,1.6,3.96,80,20,3.4147,-31.71,3.56,87.59,66.08
26.172,31.868,1.6,4.4,100,0,2.6984,-32.69,3.1,38.31,59.18
20.739,27.151,1.6,4.4,100,0,3.3767,-26.77,3.34,33.5,53.35
22.763,27.474,1.6,4.18,90,10,3.17,-37.68,3.06,62.61,56.83
21.563,28.83,1.6,4.18,90,10,3.3296,-35.12,3.0,75.0,56.31
45.592,57.341,1.6,2.64,20,80,1.9976,-15.59,6.97,210.84,86.38
44.661,55.877,1.6,2.2,0,100,2.2239,-14.36,7.06,278.11,85.38
36.897,42.962,1.6,2.64,20,80,2.4626,-27.01,6.18,218.89,87.26
28.856,38.21,1.6,3.52,60,40,2.7226,-15.76,4.26,133.64,71.66
31.385,38.65,1.6,3.96,80,20,2.3746,-26.97,4.15,79.11,64.7
24.77,33.984,1.6,3.74,70,30,3.0662,-13.38,3.85,104.18,66.54
26.319,33.034,1.6,3.96,80,20,2.82,-35.33,3.59,86.46,64.98
27.604,35.033,1.6,3.3,50,50,2.9352,-20.99,4.54,166.34,69.31
32.809,41.914,1.6,3.96,80,20,2.2711,-25.72,4.28,75.36,62.76
26.133,31.979,1.6,3.74,70,30,2.9203,-34.36,3.74,110.23,66.76
22.887,31.358,1.6,4.4,100,0,3.064,-11.73,3.24,34.91,55.52
34.455,44.703,1.6,2.2,0,100,2.8629,-15.21,6.89,289.96,92.45
38.817,51.91,1.6,3.52,60,40,2.0352,-33.09,5.69,125.4,66.17
33.427,42.953,1.6,2.2,0,100,2.9488,-35.42,6.39,286.69,86.72
35.514,45.01,1.6,2.86,30,70,2.4564,-36.48,6.3,194.99,80.08
34.44,42.182,1.6,2.2,0,100,2.8671,-15.59,6.11,279.52,90.56
31.263,36.661,1.6,2.86,30,70,2.7877,-25.46,5.08,205.03,80.78
28.908,35.926,1.6,2.42,10,90,3.2494,-38.68,5.0,259.09,83.41
29.866,34.662,1.6,2.2,0,100,3.2959,-26.06,5.3,285.97,87.98
24.655,31.86,1.6,3.96,80,20,3.0027,-30.21,3.87,78.47,66.16
38.652,45.508,1.6,3.52,60,40,2.0498,-18.23,5.64,124.72,67.48
41.589,52.238,1.6,3.96,80,20,1.7985,-32.0,5.43,70.61,62.13
29.686,36.486,1.6,2.42,10,90,3.1676,-17.38,5.16,248.5,86.25
41.697,50.293,1.6,2.42,10,90,2.2749,-38.92,6.58,256.77,84.86
30.384,40.487,1.6,2.64,20,80,2.9677,-16.9,5.89,218.52,85.46
29.345,33.631,1.6,3.96,80,20,2.5419,-12.48,3.61,94.3,62.43
26.049,31.941,1.6,2.86,30,70,3.3255,-28.83,5.0,196.05,83.77
22.693,29.35,1.6,3.3,50,50,3.548,-25.54,4.21,156.9,67.68
23.204,29.998,1.6,4.4,100,0,3.0289,-36.46,3.63,42.9,57.42
25.412,30.321,1.6,3.74,70,30,3.0034,-17.91,4.02,91.5,60.34
24.639,31.665,1.6,3.52,60,40,3.1784,-33.59,4.12,137.43,70.45
44.031,57.067,1.6,2.2,0,100,2.2538,-37.77,7.18,274.14,92.56
30.58,36.84,1.6,2.2,0,100,3.2188,-25.06,6.52,272.49,92.49
26.357,35.385,1.6,4.18,90,10,2.7385,-17.55,3.64,68.97,63.0
39.647,45.862,1.6,4.18,90,10,1.8405,-33.25,5.2,48.1,57.02
39.635,46.173,1.6,2.42,10,90,2.3924,-18.69,7.04,260.46,90.58
42.809,46.738,1.6,2.2,0,100,2.3235,-40.65,6.36,285.33,93.15
23.464,28.854,1.6,3.96,80,20,3.156,-30.89,3.7,92.33,57.77
41.799,53.258,1.6,2.2,0,100,2.3722,-34.49,7.43,281.06,89.03
33.7,42.026,1.6,2.64,20,80,2.6868,-14.7,5.73,244.78,74.72
45.227,57.869,1.6,3.52,60,40,1.7521,-24.08,5.43,130.55,66.87
44.817,52.155,1.6,2.64,20,80,2.0345,-11.07,6.19,224.35,86.06
41.387,47.8,1.6,2.2,0,100,2.3992,-16.32,6.74,285.35,82.09
29.173,40.378,1.6,3.3,50,50,2.7749,-36.86,4.93,162.24,72.53
27.88,35.089,1.6,3.08,40,60,3.0042,-19.05,5.14,183.2,73.28
39.492,49.098,1.6,3.08,40,60,2.1372,-27.75,6.47,190.73,75.33
23.426,31.34,1.6,3.3,50,50,3.4371,-13.25,4.15,169.3,73.5
52.707,57.726,1.6,2.64,20,80,1.7358,-15.3,6.2,229.13,84.99
29.781,35.97,1.6,2.86,30,70,2.9207,-38.42,5.1,218.46,76.27
27.868,35.019,1.6,3.3,50,50,2.9088,-16.28,4.19,141.03,72.11
29.167,37.912,1.6,4.4,100,0,2.4218,-33.54,4.28,20.0,55.31
27.129,35.457,1.6,3.96,80,20,2.7344,-27.8,4.03,94.1,63.23
34.065,43.446,1.6,4.4,100,0,2.0801,-32.36,4.57,32.18,56.62
22.922,29.708,1.6,4.18,90,10,3.1411,-10.42,3.31,42.83,55.54
27.563,32.655,1.6,3.74,70,30,2.775,-32.17,4.38,113.6,71.73
39.234,49.217,1.6,2.42,10,90,2.413,-32.36,6.6,263.55,83.22
26.472,30.751,1.6,3.3,50,50,3.0651,-39.29,4.31,167.9,75.19
36.201,45.54,1.6,3.52,60,40,2.1829,-19.18,5.76,137.6,66.15
41.078,53.876,1.6,3.74,70,30,1.87,-32.52,5.44,105.67,61.79
37.674,45.728,1.6,3.74,70,30,2.0402,-14.12,6.04,97.77,66.2
36.367,43.957,1.6,2.2,0,100,2.7199,-29.97,6.36,277.56,89.88
35.31,47.135,1.6,2.64,20,80,2.5634,-25.86,6.38,218.91,77.75
34.184,38.905,1.6,2.64,20,80,2.655,-15.78,5.41,224.47,85.11
38.039,48.512,1.6,2.42,10,90,2.4863,-14.98,7.14,260.49,88.58
20.241,28.157,1.6,4.4,100,0,3.4498,-32.8,3.06,36.52,55.47
24.963,32.018,1.6,3.96,80,20,2.9673,-26.73,4.1,96.85,63.69
29.688,36.602,1.6,3.3,50,50,2.7361,-33.19,4.86,150.99,66.52
24.449,36.26,1.6,2.86,30,70,3.5182,-25.42,4.55,201.87,74.54
44.771,56.537,1.6,2.86,30,70,1.9569,-33.66,6.89,212.56,80.12
22.898,31.168,1.6,3.52,60,40,3.4065,-20.98,4.18,121.96,71.69
43.39,49.282,1.6,2.64,20,80,2.1013,-32.38,7.09,244.08,81.94
24.366,30.838,1.6,3.08,40,60,3.4235,-36.43,4.25,178.22,74.02
48.017,49.778,1.6,2.86,30,70,1.8334,-20.68,6.28,200.16,75.73
37.127,45.099,1.6,3.74,70,30,2.0697,-25.25,5.25,106.81,67.29
39.736,46.104,1.6,2.42,10,90,2.3866,-38.96,6.97,237.14,85.42
25.031,30.873,1.6,3.3,50,50,3.231,-19.53,4.24,165.36,72.38
40.262,46.495,1.6,3.52,60,40,1.9698,-15.81,5.96,146.41,72.39
32.215,40.214,1.6,4.18,90,10,2.2542,-17.51,4.0,50.01,63.61
25.774,31.139,1.6,3.3,50,50,3.1422,-24.94,3.83,145.76,77.19
38.007,49.373,1.6,3.74,70,30,2.0192,-14.78,6.27,103.41,66.39
23.693,30.496,1.6,3.96,80,20,3.1218,-25.31,3.54,82.3,61.91
25.519,31.627,1.6,3.3,50,50,3.1705,-36.18,4.37,159.45,71.45
26.246,33.949,1.6,2.64,20,80,3.4226,-33.97,5.24,246.28,90.44
27.358,35.998,1.6,3.3,50,50,2.958,-18.45,4.6,149.67,70.2
41.361,47.221,1.6,2.2,0,100,2.4012,-40.2,6.72,273.32,90.88
44.729,57.849,1.6,3.52,60,40,1.771,-26.38,6.21,136.07,74.66
37.791,47.208,1.6,2.42,10,90,2.5032,-36.12,6.82,233.69,88.8
23.331,28.56,1.6,4.18,90,10,3.0932,-33.04,3.53,50.46,60.45
32.841,39.783,1.6,3.96,80,20,2.2722,-13.91,4.64,84.85,58.24
29.621,35.337,1.6,2.64,20,80,3.0498,-36.85,5.57,218.82,85.23
34.74,40.509,1.6,3.3,50,50,2.3489,-24.05,5.1,153.61,70.65
41.647,53.298,1.6,3.74,70,30,1.8458,-34.78,5.57,107.15,70.23
36.855,48.115,1.6,3.3,50,50,2.2105,-15.75,5.3,155.93,71.74
27.609,37.625,1.6,2.86,30,70,3.1346,-14.53,5.55,201.96,77.38
29.215,35.781,1.6,3.74,70,30,2.6187,-22.96,4.2,93.45,62.21
21.146,29.625,1.6,3.96,80,20,3.4762,-14.29,3.28,71.28,61.41
24.009,30.004,1.6,3.96,80,20,3.0846,-10.65,3.52,85.94,58.69
24.45,32.293,1.6,3.96,80,20,3.0252,-37.26,3.78,82.55,61.83
35.989,46.998,1.6,2.86,30,70,2.4231,-13.91,5.81,224.87,82.23
28.434,35.558,1.6,3.52,60,40,2.7665,-12.41,4.42,138.59,70.4
42.679,51.659,1.6,3.08,40,60,1.9812,-37.1,6.25,171.64,76.97
30.875,37.136,1.6,2.42,10,90,3.0505,-41.27,5.43,255.77,87.27
31.599,42.131,1.6,3.3,50,50,2.569,-28.59,5.23,150.32,69.27
30.449,39.502,1.6,4.18,90,10,2.38,-32.16,3.56,51.71,61.96
36.303,42.535,1.6,2.2,0,100,2.7261,-37.98,6.78,277.61,86.13
23.658,32.466,1.6,3.74,70,30,3.2061,-33.19,3.32,101.11,66.07
26.134,34.431,1.6,3.96,80,20,2.8353,-33.83,4.13,67.59,57.39
24.456,30.475,1.6,3.96,80,20,3.03,-34.59,3.72,70.93,62.54
34.781,38.633,1.6,2.2,0,100,2.8452,-31.88,6.05,261.42,94.79
27.018,35.045,1.6,3.3,50,50,2.9953,-31.98,4.22,151.04,73.45
33.145,43.663,1.6,2.86,30,70,2.6258,-15.08,6.34,205.18,80.18
32.329,40.423,1.6,3.96,80,20,2.3055,-32.86,4.23,58.84,62.91
23.422,29.659,1.6,3.3,50,50,3.4432,-34.59,4.16,170.79,67.8
27.587,31.781,1.6,4.18,90,10,2.6312,-30.36,3.59,54.14,63.02
25.471,34.317,1.6,3.08,40,60,3.2738,-34.02,4.56,170.31,73.5
41.427,53.257,1.6,4.18,90,10,1.7577,-11.86,4.98,58.61,54.62
30.795,39.005,1.6,2.86,30,70,2.8237,-19.69,5.31,192.91,80.67
25.715,31.124,1.6,3.96,80,20,2.8878,-21.66,3.56,77.75,63.91
23.064,28.842,1.6,3.3,50,50,3.4964,-34.91,3.93,153.94,72.75
28.238,37.042,1.6,2.42,10,90,3.3199,-34.3,5.79,244.5,89.37
30.643,35.622,1.6,3.3,50,50,2.6568,-28.13,4.96,152.32,75.04
37.86,48.983,1.6,3.74,70,30,2.0272,-18.18,5.39,94.33,64.39
34.855,46.054,1.6,4.18,90,10,2.0829,-11.86,5.08,47.25,58.47
29.178,34.313,1.6,3.08,40,60,2.8791,-15.68,4.43,182.71,73.99
37.835,46.717,1.6,3.52,60,40,2.091,-31.71,5.4,112.48,67.83
32.152,37.523,1.6,2.86,30,70,2.7126,-23.75,5.02,192.66,77.29
37.133,41.94,1.6,2.64,20,80,2.4488,-28.14,6.35,239.73,81.87
29.064,37.159,1.6,2.86,30,70,2.9867,-26.46,5.18,200.34,76.4
23.472,32.301,1.6,4.18,90,10,3.0636,-22.36,3.34,62.12,65.34
35.654,44.527,1.6,2.86,30,70,2.4478,-17.15,6.71,205.11,79.33
24.806,30.903,1.6,3.74,70,30,3.0708,-16.23,4.08,97.76,67.26
44.623,57.673,1.6,2.64,20,80,2.0393,-33.64,6.87,246.88,87.87
33.038,38.895,1.6,3.3,50,50,2.4671,-27.21,5.36,144.63,74.36
26.059,30.683,1.6,3.96,80,20,2.8531,-27.13,3.62,77.26,60.03
42.828,58.915,1.6,2.42,10,90,2.211,-14.82,7.16,259.78,86.31
36.041,45.861,1.6,2.42,10,90,2.6209,-18.11,6.86,242.45,87.05
28.21,39.638,1.6,3.52,60,40,2.7792,-14.92,4.61,137.72,70.32
27.236,37.123,1.6,2.86,30,70,3.1761,-15.05,5.2,216.02,74.88
36.33,48.363,1.6,4.4,100,0,1.9501,-34.41,4.88,20.0,55.26
31.695,41.899,1.6,2.2,0,100,3.1033,-16.51,5.99,282.87,94.61
31.176,35.787,1.6,4.4,100,0,2.2766,-32.01,4.26,32.27,59.68
33.867,42.225,1.6,3.08,40,60,2.485,-39.19,5.4,177.12,80.26
37.947,51.133,1.6,4.18,90,10,1.9147,-38.45,5.12,35.04,58.14
28.659,35.753,1.6,2.86,30,70,3.0295,-25.92,4.83,208.27,84.7
28.17,36.944,1.6,2.86,30,70,3.0768,-41.06,5.36,219.39,78.12
25.932,32.095,1.6,3.08,40,60,3.2248,-28.88,4.96,206.84,73.06
39.738,54.515,1.6,3.96,80,20,1.8774,-17.25,5.6,67.3,67.91
38.559,47.03,1.6,2.86,30,70,2.268,-24.81,6.5,217.87,77.09
20.517,28.893,1.6,4.4,100,0,3.4034,-27.17,3.01,36.97,55.96
23.406,29.89,1.6,3.96,80,20,3.1597,-31.85,3.21,90.87,64.45
31.868,44.641,1.6,3.52,60,40,2.4673,-14.05,5.13,143.4,69.0
34.088,39.645,1.6,2.64,20,80,2.661,-16.89,5.31,216.45,80.87
32.858,41.025,1.6,2.86,30,70,2.6514,-14.33,5.45,209.11,77.94
24.855,36.254,1.6,3.96,80,20,2.9685,-12.85,3.65,76.38,58.65
33.588,42.984,1.6,2.2,0,100,2.9354,-26.66,6.37,275.92,87.43
46.483,56.194,1.6,2.86,30,70,1.8874,-26.45,5.93,196.97,79.28
29.478,41.974,1.6,4.4,100,0,2.3906,-28.2,3.96,20.0,50.7
32.153,40.035,1.6,3.3,50,50,2.53,-22.39,4.93,163.99,74.18
22.245,29.293,1.6,3.74,70,30,3.4076,-12.07,3.84,117.81,68.02
34.061,47.644,1.6,3.52,60,40,2.3117,-14.64,5.42,130.69,68.47
36.944,47.009,1.6,3.3,50,50,2.2066,-28.41,6.02,159.18,67.17
28.2,37.478,1.6,3.74,70,30,2.7046,-31.77,4.5,118.46,67.07
28.26,33.023,1.6,3.52,60,40,2.7885,-32.9,3.97,132.93,69.44
31.943,43.366,1.6,4.18,90,10,2.2678,-33.27,4.94,40.57,55.92
48.752,51.563,1.6,2.64,20,80,1.876,-37.79,5.89,226.61,82.41
48.486,58.292,1.6,2.86,30,70,1.8107,-39.67,6.46,205.08,77.56
45.155,52.052,1.6,3.08,40,60,1.8759,-37.96,6.08,181.32,74.64
37.094,44.746,1.6,3.96,80,20,2.0155,-39.16,4.95,67.15,64.93
33.13,37.556,1.6,2.42,10,90,2.852,-23.05,6.41,244.95,85.45
38.088,49.645,1.6,3.96,80,20,1.9599,-36.46,5.13,91.34,57.82
38.11,51.767,1.6,3.96,80,20,1.9569,-17.36,5.12,82.11,65.35
33.877,40.857,1.6,2.42,10,90,2.7871,-25.27,6.47,243.84,93.42
20.511,25.658,1.6,4.4,100,0,3.4185,-33.43,3.37,21.23,60.14
33.149,45.675,1.6,2.64,20,80,2.7245,-34.03,6.43,245.35,81.0
36.054,42.318,1.6,2.64,20,80,2.5185,-32.8,6.08,250.68,77.5
30.166,35.791,1.6,4.4,100,0,2.3493,-25.69,3.61,20.0,53.39
23.848,32.607,1.6,3.52,60,40,3.2745,-12.82,4.28,147.79,70.97
48.359,53.932,1.6,2.2,0,100,2.0608,-33.21,7.1,305.12,84.48
40.938,51.506,1.6,3.3,50,50,1.9951,-26.19,6.06,144.66,69.83
28.398,36.361,1.6,3.74,70,30,2.6891,-35.88,4.6,106.85,69.26
30.865,37.466,1.6,2.64,20,80,2.9289,-23.23,5.24,225.14,84.55
43.456,52.714,1.6,2.42,10,90,2.1844,-16.97,7.38,242.77,86.71
29.768,41.649,1.6,2.86,30,70,2.9117,-17.3,5.34,212.85,76.41
33.925,43.017,1.6,2.64,20,80,2.6684,-22.92,6.09,231.42,80.5
22.22,29.554,1.6,3.96,80,20,3.319,-32.91,3.35,76.34,62.0
39.14,49.468,1.6,3.08,40,60,2.1554,-26.52,5.96,163.07,77.68
23.537,31.356,1.6,4.18,90,10,3.0585,-25.9,3.4,59.17,59.65
26.026,31.105,1.6,4.18,90,10,2.7825,-34.27,3.34,37.21,62.37
36.647,44.383,1.6,2.64,20,80,2.4769,-40.12,6.46,235.34,86.36
33.642,40.753,1.6,2.2,0,100,2.9339,-40.1,6.33,281.1,92.41
40.847,49.567,1.6,2.42,10,90,2.321,-37.12,7.03,250.69,87.72
21.769,28.216,1.6,3.96,80,20,3.3885,-34.2,3.08,87.18,59.59
43.314,52.574,1.6,2.64,20,80,2.1022,-37.95,6.67,224.32,81.82
25.085,30.252,1.6,3.3,50,50,3.2263,-35.34,4.52,166.51,74.16
35.019,43.961,1.6,3.3,50,50,2.3264,-35.27,5.72,150.19,75.79
